trade_id,asset_class,instrument_type,use_case,finding_type,parse_status,classification_flag,parse_errors,upi_status,matched_template,upi_code,upi_errors,upi_warnings,CFTC_status,CFTC_obligation,CFTC_errors,CFTC_warnings,CFTC_notes,CFTC_explanation,EMIR_status,EMIR_obligation,EMIR_errors,EMIR_warnings,EMIR_notes,EMIR_explanation,MAS_status,MAS_obligation,MAS_errors,MAS_warnings,MAS_notes,MAS_explanation
T001,Rates,Swap,Fixed_Float,IDENTIFIER_ERROR,SUCCESS,CONVENTIONAL_DERIVATIVE,,FOUND,Rates.Swap.Fixed_Float,RFF7VYZQK48LJD3WXM91,,,NONCOMPLIANT,YES,other_counterparty_lei: LEI '2138002TXD6KSZ3V5X27' has invalid MOD 97-10 check digits; expected 26,,,Trade fails CFTC on other_counterparty_lei; remediate before resubmission.,NONCOMPLIANT,YES,other_counterparty_lei: LEI '2138002TXD6KSZ3V5X27' has invalid MOD 97-10 check digits; expected 26,,,Trade fails EMIR on other_counterparty_lei; remediate before resubmission.,NONCOMPLIANT,YES,other_counterparty_lei: LEI '2138002TXD6KSZ3V5X27' has invalid MOD 97-10 check digits; expected 26,,,Trade fails MAS on other_counterparty_lei; remediate before resubmission.
T002,Credit,Swap,Corporate,IDENTIFIER_ERROR,SUCCESS,CONVENTIONAL_DERIVATIVE,,FOUND,Credit.Swap.Corporate,CCO8MQK7VPLN4WHF2YJ3,,,NONCOMPLIANT,YES,other_counterparty_lei: LEI '9695009AXSRNHZE85Y20' has invalid MOD 97-10 check digits; expected 38,,,Trade fails CFTC on other_counterparty_lei; remediate before resubmission.,NONCOMPLIANT,YES,other_counterparty_lei: LEI '9695009AXSRNHZE85Y20' has invalid MOD 97-10 check digits; expected 38 | variation_margin_posted: must not be negative (got -15000),,,Trade fails EMIR on 2 fields (first: other_counterparty_lei); remediate all flagged fields before resubmission.,NONCOMPLIANT,YES,other_counterparty_lei: LEI '9695009AXSRNHZE85Y20' has invalid MOD 97-10 check digits; expected 38 | variation_margin_posted: must not be negative (got -15000),,,Trade fails MAS on 2 fields (first: other_counterparty_lei); remediate all flagged fields before resubmission.
T003,FX,Forward,NDF,IDENTIFIER_ERROR,SUCCESS,CONVENTIONAL_DERIVATIVE,,FOUND,FX.Forward.NDF,FND8KQM3PVLN4HW2YJ7F,,,NONCOMPLIANT,YES,other_counterparty_lei: LEI '4R3ZURLYISNNNMHMK608' has invalid MOD 97-10 check digits; expected 62,,,Trade fails CFTC on other_counterparty_lei; remediate before resubmission.,NONCOMPLIANT,YES,collateral_portfolio_code: mandatory collateral field is missing or null | initial_margin_posted: mandatory collateral field is missing or null | other_counterparty_lei: LEI '4R3ZURLYISNNNMHMK608' has invalid MOD 97-10 check digits; expected 62 | variation_margin_posted: mandatory collateral field is missing or null,,,Trade fails EMIR on 4 fields (first: collateral_portfolio_code); remediate all flagged fields before resubmission.,NONCOMPLIANT,YES,collateral_portfolio_code: mandatory collateral field is missing or null | initial_margin_posted: mandatory collateral field is missing or null | other_counterparty_lei: LEI '4R3ZURLYISNNNMHMK608' has invalid MOD 97-10 check digits; expected 62 | variation_margin_posted: mandatory collateral field is missing or null,,,Trade fails MAS on 4 fields (first: collateral_portfolio_code); remediate all flagged fields before resubmission.
T004,Equity,Option,SingleName_Put,IDENTIFIER_ERROR,SUCCESS,CONVENTIONAL_DERIVATIVE,,FOUND,Equity.Option.SingleName_Put,EOP9KMQ3PVLN4HW2YJ8F,,,NONCOMPLIANT,YES,other_counterparty_lei: LEI 'MISSING_LEI' must be 20 characters: 18 uppercase alphanumeric plus 2 numeric check digits,,,Trade fails CFTC on other_counterparty_lei; remediate before resubmission.,NONCOMPLIANT,YES,collateral_portfolio_code: mandatory collateral field is missing or null | initial_margin_posted: mandatory collateral field is missing or null | other_counterparty_lei: LEI 'MISSING_LEI' must be 20 characters: 18 uppercase alphanumeric plus 2 numeric check digits | variation_margin_posted: mandatory collateral field is missing or null,,,Trade fails EMIR on 4 fields (first: collateral_portfolio_code); remediate all flagged fields before resubmission.,NONCOMPLIANT,YES,collateral_portfolio_code: mandatory collateral field is missing or null | initial_margin_posted: mandatory collateral field is missing or null | other_counterparty_lei: LEI 'MISSING_LEI' must be 20 characters: 18 uppercase alphanumeric plus 2 numeric check digits | variation_margin_posted: mandatory collateral field is missing or null,,,Trade fails MAS on 4 fields (first: collateral_portfolio_code); remediate all flagged fields before resubmission.
T005,Rates,Swap,Fixed_Float,IDENTIFIER_ERROR,SUCCESS,CONVENTIONAL_DERIVATIVE,,FOUND,Rates.Swap.Fixed_Float,RFF7VYZQK48LJD3WXM91,,"reference_rate='GBP-LIBOR-BBA' references LIBOR; deprecated benchmark (retained as warning for legacy trade handling per FCA / Federal Reserve cessation guidance, 30 June 2023)",NONCOMPLIANT,YES,reporting_counterparty_lei: LEI '2138002TXD6KSZ3V5X27' has invalid MOD 97-10 check digits; expected 26,"reference_rate='GBP-LIBOR-BBA' references LIBOR; deprecated benchmark (retained as warning for legacy trade handling per FCA / Federal Reserve cessation guidance, 30 June 2023)",,Trade fails CFTC on reporting_counterparty_lei; remediate before resubmission.,NONCOMPLIANT,YES,reporting_counterparty_lei: LEI '2138002TXD6KSZ3V5X27' has invalid MOD 97-10 check digits; expected 26,"reference_rate='GBP-LIBOR-BBA' references LIBOR; deprecated benchmark (retained as warning for legacy trade handling per FCA / Federal Reserve cessation guidance, 30 June 2023)",,Trade fails EMIR on reporting_counterparty_lei; remediate before resubmission.,NONCOMPLIANT,YES,reporting_counterparty_lei: LEI '2138002TXD6KSZ3V5X27' has invalid MOD 97-10 check digits; expected 26,"reference_rate='GBP-LIBOR-BBA' references LIBOR; deprecated benchmark (retained as warning for legacy trade handling per FCA / Federal Reserve cessation guidance, 30 June 2023)",,Trade fails MAS on reporting_counterparty_lei; remediate before resubmission.
T006,Rates,Swap,Basis,IDENTIFIER_ERROR,SUCCESS,CONVENTIONAL_DERIVATIVE,,FOUND,Rates.Swap.Basis,RBA8JLN4XPM2QHK7VTW3,,,NONCOMPLIANT,YES,reporting_counterparty_lei: LEI '9695009AXSRNHZE85Y20' has invalid MOD 97-10 check digits; expected 38 | uti: UTI is missing,,,Trade fails CFTC on 2 fields (first: reporting_counterparty_lei); remediate all flagged fields before resubmission.,NONCOMPLIANT,YES,collateral_portfolio_code: mandatory collateral field is missing or null | initial_margin_posted: mandatory collateral field is missing or null | reporting_counterparty_lei: LEI '9695009AXSRNHZE85Y20' has invalid MOD 97-10 check digits; expected 38 | uti: UTI is missing | variation_margin_posted: mandatory collateral field is missing or null,,,Trade fails EMIR on 5 fields (first: collateral_portfolio_code); remediate all flagged fields before resubmission.,NONCOMPLIANT,YES,collateral_portfolio_code: mandatory collateral field is missing or null | initial_margin_posted: mandatory collateral field is missing or null | reporting_counterparty_lei: LEI '9695009AXSRNHZE85Y20' has invalid MOD 97-10 check digits; expected 38 | uti: UTI is missing | variation_margin_posted: mandatory collateral field is missing or null,,,Trade fails MAS on 5 fields (first: collateral_portfolio_code); remediate all flagged fields before resubmission.
T007,Commodities,Swap,SingleName,IDENTIFIER_ERROR,SUCCESS,CONVENTIONAL_DERIVATIVE,,FOUND,Commodities.Swap.SingleName,MSS5KMQ3PVLN4HW2YJ8F,,,NONCOMPLIANT,YES,reporting_counterparty_lei: LEI '4R3ZURLYISNNNMHMK608' has invalid MOD 97-10 check digits; expected 62,,,Trade fails CFTC on reporting_counterparty_lei; remediate before resubmission.,NONCOMPLIANT,YES,collateral_portfolio_code: mandatory collateral field is missing or null | initial_margin_posted: mandatory collateral field is missing or null | reporting_counterparty_lei: LEI '4R3ZURLYISNNNMHMK608' has invalid MOD 97-10 check digits; expected 62 | variation_margin_posted: mandatory collateral field is missing or null,,,Trade fails EMIR on 4 fields (first: collateral_portfolio_code); remediate all flagged fields before resubmission.,NONCOMPLIANT,YES,collateral_portfolio_code: mandatory collateral field is missing or null | initial_margin_posted: mandatory collateral field is missing or null | reporting_counterparty_lei: LEI '4R3ZURLYISNNNMHMK608' has invalid MOD 97-10 check digits; expected 62 | variation_margin_posted: mandatory collateral field is missing or null,,,Trade fails MAS on 4 fields (first: collateral_portfolio_code); remediate all flagged fields before resubmission.
T008,Rates,Option,Swaption,IDENTIFIER_ERROR,SUCCESS,CONVENTIONAL_DERIVATIVE,,FOUND,Rates.Option.Swaption,RSW7XPK3LQNM4HV8JF2W,,,NONCOMPLIANT,YES,reporting_counterparty_lei: LEI '2138002TXD6KSZ3V5X27' has invalid MOD 97-10 check digits; expected 26,,,Trade fails CFTC on reporting_counterparty_lei; remediate before resubmission.,NONCOMPLIANT,YES,reporting_counterparty_lei: LEI '2138002TXD6KSZ3V5X27' has invalid MOD 97-10 check digits; expected 26,,,Trade fails EMIR on reporting_counterparty_lei; remediate before resubmission.,NONCOMPLIANT,YES,reporting_counterparty_lei: LEI '2138002TXD6KSZ3V5X27' has invalid MOD 97-10 check digits; expected 26,,,Trade fails MAS on reporting_counterparty_lei; remediate before resubmission.
T009,FX,Option,Vanilla,IDENTIFIER_ERROR,SUCCESS,CONVENTIONAL_DERIVATIVE,,INVALID_ATTRIBUTES,FX.Option.Vanilla,,notional_currency: currency code 'INVALID_CCY' must be a three-letter uppercase ISO 4217 code,,NONCOMPLIANT,YES,notional_currency: currency code 'INVALID_CCY' must be a three-letter uppercase ISO 4217 code | other_counterparty_lei: LEI '9695009AXSRNHZE85Y20' has invalid MOD 97-10 check digits; expected 38 | upi: UPI lookup failed with status INVALID_ATTRIBUTES | upi: mandatory UPI unavailable; lookup status=INVALID_ATTRIBUTES | upi_attribute: notional_currency: currency code 'INVALID_CCY' must be a three-letter uppercase ISO 4217 code,,,Trade fails CFTC on 5 fields (first: notional_currency); remediate all flagged fields before resubmission.,NONCOMPLIANT,YES,collateral_portfolio_code: mandatory collateral field is missing or null | initial_margin_posted: mandatory collateral field is missing or null | notional_currency: currency code 'INVALID_CCY' must be a three-letter uppercase ISO 4217 code | other_counterparty_lei: LEI '9695009AXSRNHZE85Y20' has invalid MOD 97-10 check digits; expected 38 | upi: UPI lookup failed with status INVALID_ATTRIBUTES | upi: mandatory UPI unavailable; lookup status=INVALID_ATTRIBUTES | upi_attribute: notional_currency: currency code 'INVALID_CCY' must be a three-letter uppercase ISO 4217 code | variation_margin_posted: mandatory collateral field is missing or null,,,Trade fails EMIR on 8 fields (first: collateral_portfolio_code); remediate all flagged fields before resubmission.,NONCOMPLIANT,YES,collateral_portfolio_code: mandatory collateral field is missing or null | initial_margin_posted: mandatory collateral field is missing or null | notional_currency: currency code 'INVALID_CCY' must be a three-letter uppercase ISO 4217 code | other_counterparty_lei: LEI '9695009AXSRNHZE85Y20' has invalid MOD 97-10 check digits; expected 38 | upi: UPI lookup failed with status INVALID_ATTRIBUTES | upi: mandatory UPI unavailable; lookup status=INVALID_ATTRIBUTES | upi_attribute: notional_currency: currency code 'INVALID_CCY' must be a three-letter uppercase ISO 4217 code | variation_margin_posted: mandatory collateral field is missing or null,,,Trade fails MAS on 8 fields (first: collateral_portfolio_code); remediate all flagged fields before resubmission.
T010,Credit,Swap,Index,IDENTIFIER_ERROR,SUCCESS,CONVENTIONAL_DERIVATIVE,,FOUND,Credit.Swap.Index,CIN5VPK3LQNM4WHF2YJ8,,,NONCOMPLIANT,YES,other_counterparty_lei: LEI '2138002TXD6KSZ3V5X27' has invalid MOD 97-10 check digits; expected 26,,,Trade fails CFTC on other_counterparty_lei; remediate before resubmission.,NONCOMPLIANT,YES,other_counterparty_lei: LEI '2138002TXD6KSZ3V5X27' has invalid MOD 97-10 check digits; expected 26,,,Trade fails EMIR on other_counterparty_lei; remediate before resubmission.,NONCOMPLIANT,YES,other_counterparty_lei: LEI '2138002TXD6KSZ3V5X27' has invalid MOD 97-10 check digits; expected 26,,,Trade fails MAS on other_counterparty_lei; remediate before resubmission.
T011,Rates,Swap,CrossCurrency,IDENTIFIER_ERROR,SUCCESS,CONVENTIONAL_DERIVATIVE,,FOUND,Rates.Swap.CrossCurrency,RXC9PV2TKLM4QHN8WJF6,,,NONCOMPLIANT,YES,other_counterparty_lei: LEI '4R3ZURLYISNNNMHMK608' has invalid MOD 97-10 check digits; expected 62,,,Trade fails CFTC on other_counterparty_lei; remediate before resubmission.,NONCOMPLIANT,YES,other_counterparty_lei: LEI '4R3ZURLYISNNNMHMK608' has invalid MOD 97-10 check digits; expected 62,,,Trade fails EMIR on other_counterparty_lei; remediate before resubmission.,NONCOMPLIANT,YES,other_counterparty_lei: LEI '4R3ZURLYISNNNMHMK608' has invalid MOD 97-10 check digits; expected 62,,,Trade fails MAS on other_counterparty_lei; remediate before resubmission.
T012,Equity,Swap,TotalReturn_SingleIndex,IDENTIFIER_ERROR,SUCCESS,CONVENTIONAL_DERIVATIVE,,FOUND,Equity.Swap.TotalReturn_SingleIndex,ETI8KMQ3PVLN4HW2YJ7F,,,NONCOMPLIANT,YES,reporting_counterparty_lei: LEI '9695009AXSRNHZE85Y20' has invalid MOD 97-10 check digits; expected 38,,,Trade fails CFTC on reporting_counterparty_lei; remediate before resubmission.,NONCOMPLIANT,YES,reporting_counterparty_lei: LEI '9695009AXSRNHZE85Y20' has invalid MOD 97-10 check digits; expected 38,,,Trade fails EMIR on reporting_counterparty_lei; remediate before resubmission.,NONCOMPLIANT,YES,reporting_counterparty_lei: LEI '9695009AXSRNHZE85Y20' has invalid MOD 97-10 check digits; expected 38,,,Trade fails MAS on reporting_counterparty_lei; remediate before resubmission.
T013,Rates,Swap,Inflation,IDENTIFIER_ERROR,PARTIAL,CONVENTIONAL_DERIVATIVE,execution_timestamp must use ISO 8601 UTC format YYYY-MM-DDTHH:MM:SSZ,FOUND,Rates.Swap.Inflation,RIN7FPQK3VWLM2YHN5JZ,,,NONCOMPLIANT,YES,execution_timestamp: execution_timestamp must use ISO 8601 UTC format YYYY-MM-DDTHH:MM:SSZ | parse: execution_timestamp must use ISO 8601 UTC format YYYY-MM-DDTHH:MM:SSZ,,,Trade fails CFTC on 2 fields (first: execution_timestamp); remediate all flagged fields before resubmission.,NONCOMPLIANT,YES,execution_timestamp: execution_timestamp must use ISO 8601 UTC format YYYY-MM-DDTHH:MM:SSZ | parse: execution_timestamp must use ISO 8601 UTC format YYYY-MM-DDTHH:MM:SSZ,,,Trade fails EMIR on 2 fields (first: execution_timestamp); remediate all flagged fields before resubmission.,NONCOMPLIANT,YES,execution_timestamp: execution_timestamp must use ISO 8601 UTC format YYYY-MM-DDTHH:MM:SSZ | parse: execution_timestamp must use ISO 8601 UTC format YYYY-MM-DDTHH:MM:SSZ,,,Trade fails MAS on 2 fields (first: execution_timestamp); remediate all flagged fields before resubmission.
T014,FX,Swap,Standard,IDENTIFIER_ERROR,SUCCESS,CONVENTIONAL_DERIVATIVE,,FOUND,FX.Swap.Standard,FSS3KQM7PVLN4HW2YJ8F,,,NONCOMPLIANT,YES,other_counterparty_lei: LEI '2138002TXD6KSZ3V5X27' has invalid MOD 97-10 check digits; expected 26 | reporting_counterparty_lei: LEI '4R3ZURLYISNNNMHMK608' has invalid MOD 97-10 check digits; expected 62,,,Trade fails CFTC on 2 fields (first: other_counterparty_lei); remediate all flagged fields before resubmission.,NONCOMPLIANT,YES,collateral_portfolio_code: mandatory collateral field is missing or null | initial_margin_posted: mandatory collateral field is missing or null | other_counterparty_lei: LEI '2138002TXD6KSZ3V5X27' has invalid MOD 97-10 check digits; expected 26 | reporting_counterparty_lei: LEI '4R3ZURLYISNNNMHMK608' has invalid MOD 97-10 check digits; expected 62 | variation_margin_posted: mandatory collateral field is missing or null,,,Trade fails EMIR on 5 fields (first: collateral_portfolio_code); remediate all flagged fields before resubmission.,NONCOMPLIANT,YES,collateral_portfolio_code: mandatory collateral field is missing or null | initial_margin_posted: mandatory collateral field is missing or null | other_counterparty_lei: LEI '2138002TXD6KSZ3V5X27' has invalid MOD 97-10 check digits; expected 26 | reporting_counterparty_lei: LEI '4R3ZURLYISNNNMHMK608' has invalid MOD 97-10 check digits; expected 62 | variation_margin_posted: mandatory collateral field is missing or null,,,Trade fails MAS on 5 fields (first: collateral_portfolio_code); remediate all flagged fields before resubmission.
T015,Rates,Cap_Floor,Cap,IDENTIFIER_ERROR,SUCCESS,CONVENTIONAL_DERIVATIVE,,FOUND,Rates.Cap_Floor.Cap,RCP4LM7KQVN8YH2WPF5J,,,NONCOMPLIANT,YES,reporting_counterparty_lei: LEI '2138002TXD6KSZ3V5X27' has invalid MOD 97-10 check digits; expected 26,,,Trade fails CFTC on reporting_counterparty_lei; remediate before resubmission.,NONCOMPLIANT,YES,reporting_counterparty_lei: LEI '2138002TXD6KSZ3V5X27' has invalid MOD 97-10 check digits; expected 26,,,Trade fails EMIR on reporting_counterparty_lei; remediate before resubmission.,NONCOMPLIANT,YES,reporting_counterparty_lei: LEI '2138002TXD6KSZ3V5X27' has invalid MOD 97-10 check digits; expected 26,,,Trade fails MAS on reporting_counterparty_lei; remediate before resubmission.
T016,Equity,Swap,Variance,IDENTIFIER_ERROR,SUCCESS,CONVENTIONAL_DERIVATIVE,,FOUND,Equity.Swap.Variance,EVR7KMQ3PVLN4HW2YJ8F,,,NONCOMPLIANT,YES,reporting_counterparty_lei: LEI '9695009AXSRNHZE85Y20' has invalid MOD 97-10 check digits; expected 38,,,Trade fails CFTC on reporting_counterparty_lei; remediate before resubmission.,NONCOMPLIANT,YES,collateral_portfolio_code: mandatory collateral field is missing or null | initial_margin_posted: mandatory collateral field is missing or null | reporting_counterparty_lei: LEI '9695009AXSRNHZE85Y20' has invalid MOD 97-10 check digits; expected 38 | variation_margin_posted: mandatory collateral field is missing or null,,,Trade fails EMIR on 4 fields (first: collateral_portfolio_code); remediate all flagged fields before resubmission.,NONCOMPLIANT,YES,collateral_portfolio_code: mandatory collateral field is missing or null | initial_margin_posted: mandatory collateral field is missing or null | reporting_counterparty_lei: LEI '9695009AXSRNHZE85Y20' has invalid MOD 97-10 check digits; expected 38 | variation_margin_posted: mandatory collateral field is missing or null,,,Trade fails MAS on 4 fields (first: collateral_portfolio_code); remediate all flagged fields before resubmission.
T017,Credit,Swap,Sovereign,FIELD_VALIDATION_ERROR,SUCCESS,CONVENTIONAL_DERIVATIVE,,FOUND,Credit.Swap.Sovereign,CSO9MQK7VPLN4WHF2YJ4,,,COMPLIANT,YES,,,,All mandatory CFTC reporting fields validated; trade is ready for SDR submission.,NONCOMPLIANT,YES,collateral_portfolio_code: mandatory collateral field is missing or null | initial_margin_posted: mandatory collateral field is missing or null | variation_margin_posted: mandatory collateral field is missing or null,,,Trade fails EMIR on 3 fields (first: collateral_portfolio_code); remediate all flagged fields before resubmission.,NONCOMPLIANT,YES,collateral_portfolio_code: mandatory collateral field is missing or null | initial_margin_posted: mandatory collateral field is missing or null | variation_margin_posted: mandatory collateral field is missing or null,,,Trade fails MAS on 3 fields (first: collateral_portfolio_code); remediate all flagged fields before resubmission.
T018,Rates,Swap,OIS,IDENTIFIER_ERROR,SUCCESS,CONVENTIONAL_DERIVATIVE,,FOUND,Rates.Swap.OIS,ROIS5QY8K3PWLT2NFM7H,,,NONCOMPLIANT,YES,other_counterparty_lei: LEI '9695009AXSRNHZE85Y20' has invalid MOD 97-10 check digits; expected 38,,,Trade fails CFTC on other_counterparty_lei; remediate before resubmission.,NONCOMPLIANT,YES,other_counterparty_lei: LEI '9695009AXSRNHZE85Y20' has invalid MOD 97-10 check digits; expected 38,,,Trade fails EMIR on other_counterparty_lei; remediate before resubmission.,NONCOMPLIANT,YES,other_counterparty_lei: LEI '9695009AXSRNHZE85Y20' has invalid MOD 97-10 check digits; expected 38,,,Trade fails MAS on other_counterparty_lei; remediate before resubmission.
T019,Commodities,Option,SingleName,IDENTIFIER_ERROR,SUCCESS,CONVENTIONAL_DERIVATIVE,,FOUND,Commodities.Option.SingleName,MOP4KMQ3PVLN4HW2YJ8F,,,NONCOMPLIANT,YES,reporting_counterparty_lei: LEI '4R3ZURLYISNNNMHMK608' has invalid MOD 97-10 check digits; expected 62,,,Trade fails CFTC on reporting_counterparty_lei; remediate before resubmission.,NONCOMPLIANT,YES,collateral_portfolio_code: mandatory collateral field is missing or null | initial_margin_posted: mandatory collateral field is missing or null | reporting_counterparty_lei: LEI '4R3ZURLYISNNNMHMK608' has invalid MOD 97-10 check digits; expected 62 | variation_margin_posted: mandatory collateral field is missing or null,,,Trade fails EMIR on 4 fields (first: collateral_portfolio_code); remediate all flagged fields before resubmission.,NONCOMPLIANT,YES,collateral_portfolio_code: mandatory collateral field is missing or null | initial_margin_posted: mandatory collateral field is missing or null | reporting_counterparty_lei: LEI '4R3ZURLYISNNNMHMK608' has invalid MOD 97-10 check digits; expected 62 | variation_margin_posted: mandatory collateral field is missing or null,,,Trade fails MAS on 4 fields (first: collateral_portfolio_code); remediate all flagged fields before resubmission.
T020,FX,Option,Barrier,IDENTIFIER_ERROR,SUCCESS,CONVENTIONAL_DERIVATIVE,,FOUND,FX.Option.Barrier,FOB4KQM7PVLN3HW2YJ8F,,,NONCOMPLIANT,YES,other_counterparty_lei: LEI '4R3ZURLYISNNNMHMK608' has invalid MOD 97-10 check digits; expected 62 | reporting_counterparty_lei: LEI '2138002TXD6KSZ3V5X27' has invalid MOD 97-10 check digits; expected 26,,,Trade fails CFTC on 2 fields (first: other_counterparty_lei); remediate all flagged fields before resubmission.,NONCOMPLIANT,YES,collateral_portfolio_code: mandatory collateral field is missing or null | initial_margin_posted: mandatory collateral field is missing or null | other_counterparty_lei: LEI '4R3ZURLYISNNNMHMK608' has invalid MOD 97-10 check digits; expected 62 | reporting_counterparty_lei: LEI '2138002TXD6KSZ3V5X27' has invalid MOD 97-10 check digits; expected 26 | variation_margin_posted: mandatory collateral field is missing or null,,,Trade fails EMIR on 5 fields (first: collateral_portfolio_code); remediate all flagged fields before resubmission.,NONCOMPLIANT,YES,collateral_portfolio_code: mandatory collateral field is missing or null | initial_margin_posted: mandatory collateral field is missing or null | other_counterparty_lei: LEI '4R3ZURLYISNNNMHMK608' has invalid MOD 97-10 check digits; expected 62 | reporting_counterparty_lei: LEI '2138002TXD6KSZ3V5X27' has invalid MOD 97-10 check digits; expected 26 | variation_margin_posted: mandatory collateral field is missing or null,,,Trade fails MAS on 5 fields (first: collateral_portfolio_code); remediate all flagged fields before resubmission.
T021,Rates,Swap,Fixed_Float,IDENTIFIER_ERROR,PARTIAL,CONVENTIONAL_DERIVATIVE,maturity_date is not a valid calendar date: time data '9999-99-99' does not match format '%Y-%m-%d',INVALID_ATTRIBUTES,Rates.Swap.Fixed_Float,,missing required attribute ReferenceRateTermUnit (looked in ['reference_rate_term_unit']) | missing required attribute ReferenceRateTermValue (looked in ['reference_rate_term_value']),,NONCOMPLIANT,YES,maturity_or_expiry_date: maturity_or_expiry_date is not a valid calendar date: time data '9999-99-99' does not match format '%Y-%m-%d' | parse: maturity_date is not a valid calendar date: time data '9999-99-99' does not match format '%Y-%m-%d' | upi: UPI lookup failed with status INVALID_ATTRIBUTES | upi: mandatory UPI unavailable; lookup status=INVALID_ATTRIBUTES | upi_attribute: missing required attribute ReferenceRateTermUnit (looked in ['reference_rate_term_unit']) | upi_attribute: missing required attribute ReferenceRateTermValue (looked in ['reference_rate_term_value']),,,Trade fails CFTC on 6 fields (first: maturity_or_expiry_date); remediate all flagged fields before resubmission.,NONCOMPLIANT,YES,collateral_portfolio_code: mandatory collateral field is missing or null | initial_margin_posted: mandatory collateral field is missing or null | maturity_or_expiry_date: maturity_or_expiry_date is not a valid calendar date: time data '9999-99-99' does not match format '%Y-%m-%d' | parse: maturity_date is not a valid calendar date: time data '9999-99-99' does not match format '%Y-%m-%d' | upi: UPI lookup failed with status INVALID_ATTRIBUTES | upi: mandatory UPI unavailable; lookup status=INVALID_ATTRIBUTES | upi_attribute: missing required attribute ReferenceRateTermUnit (looked in ['reference_rate_term_unit']) | upi_attribute: missing required attribute ReferenceRateTermValue (looked in ['reference_rate_term_value']) | variation_margin_posted: mandatory collateral field is missing or null,,,Trade fails EMIR on 9 fields (first: collateral_portfolio_code); remediate all flagged fields before resubmission.,NONCOMPLIANT,YES,collateral_portfolio_code: mandatory collateral field is missing or null | initial_margin_posted: mandatory collateral field is missing or null | maturity_or_expiry_date: maturity_or_expiry_date is not a valid calendar date: time data '9999-99-99' does not match format '%Y-%m-%d' | parse: maturity_date is not a valid calendar date: time data '9999-99-99' does not match format '%Y-%m-%d' | upi: UPI lookup failed with status INVALID_ATTRIBUTES | upi: mandatory UPI unavailable; lookup status=INVALID_ATTRIBUTES | upi_attribute: missing required attribute ReferenceRateTermUnit (looked in ['reference_rate_term_unit']) | upi_attribute: missing required attribute ReferenceRateTermValue (looked in ['reference_rate_term_value']) | variation_margin_posted: mandatory collateral field is missing or null,,,Trade fails MAS on 9 fields (first: collateral_portfolio_code); remediate all flagged fields before resubmission.
T022,Credit,Swap,ABS,IDENTIFIER_ERROR,SUCCESS,CONVENTIONAL_DERIVATIVE,,FOUND,Credit.Swap.ABS,CAB7MQK4VPLN5WHF2YJ8,,,NONCOMPLIANT,YES,reporting_counterparty_lei: LEI '9695009AXSRNHZE85Y20' has invalid MOD 97-10 check digits; expected 38,,,Trade fails CFTC on reporting_counterparty_lei; remediate before resubmission.,NONCOMPLIANT,YES,reporting_counterparty_lei: LEI '9695009AXSRNHZE85Y20' has invalid MOD 97-10 check digits; expected 38,,,Trade fails EMIR on reporting_counterparty_lei; remediate before resubmission.,NONCOMPLIANT,YES,reporting_counterparty_lei: LEI '9695009AXSRNHZE85Y20' has invalid MOD 97-10 check digits; expected 38,,,Trade fails MAS on reporting_counterparty_lei; remediate before resubmission.
T023,Equity,Forward,SingleName,IDENTIFIER_ERROR,SUCCESS,CONVENTIONAL_DERIVATIVE,,FOUND,Equity.Forward.SingleName,EFW6KMQ3PVLN4HW2YJ8F,,,NONCOMPLIANT,YES,other_counterparty_lei: LEI '2138002TXD6KSZ3V5X27' has invalid MOD 97-10 check digits; expected 26,,,Trade fails CFTC on other_counterparty_lei; remediate before resubmission.,NONCOMPLIANT,YES,collateral_portfolio_code: mandatory collateral field is missing or null | initial_margin_posted: mandatory collateral field is missing or null | other_counterparty_lei: LEI '2138002TXD6KSZ3V5X27' has invalid MOD 97-10 check digits; expected 26 | variation_margin_posted: mandatory collateral field is missing or null,,,Trade fails EMIR on 4 fields (first: collateral_portfolio_code); remediate all flagged fields before resubmission.,NONCOMPLIANT,YES,collateral_portfolio_code: mandatory collateral field is missing or null | initial_margin_posted: mandatory collateral field is missing or null | other_counterparty_lei: LEI '2138002TXD6KSZ3V5X27' has invalid MOD 97-10 check digits; expected 26 | variation_margin_posted: mandatory collateral field is missing or null,,,Trade fails MAS on 4 fields (first: collateral_portfolio_code); remediate all flagged fields before resubmission.
T024,Rates,Swap,Fixed_Float,IDENTIFIER_ERROR,SUCCESS,CONVENTIONAL_DERIVATIVE,,FOUND,Rates.Swap.Fixed_Float,RFF7VYZQK48LJD3WXM91,,,NONCOMPLIANT,YES,other_counterparty_lei: LEI '4R3ZURLYISNNNMHMK608' has invalid MOD 97-10 check digits; expected 62,,,Trade fails CFTC on other_counterparty_lei; remediate before resubmission.,NONCOMPLIANT,YES,other_counterparty_lei: LEI '4R3ZURLYISNNNMHMK608' has invalid MOD 97-10 check digits; expected 62,,,Trade fails EMIR on other_counterparty_lei; remediate before resubmission.,NONCOMPLIANT,YES,other_counterparty_lei: LEI '4R3ZURLYISNNNMHMK608' has invalid MOD 97-10 check digits; expected 62,,,Trade fails MAS on other_counterparty_lei; remediate before resubmission.
T025,FX,Forward,Deliverable,IDENTIFIER_ERROR,SUCCESS,CONVENTIONAL_DERIVATIVE,,FOUND,FX.Forward.Deliverable,FDV6KQM3PVLN5HW2YJ8F,,,NONCOMPLIANT,YES,other_counterparty_lei: LEI '9695009AXSRNHZE85Y20' has invalid MOD 97-10 check digits; expected 38,,,Trade fails CFTC on other_counterparty_lei; remediate before resubmission.,NONCOMPLIANT,YES,collateral_portfolio_code: mandatory collateral field is missing or null | initial_margin_posted: mandatory collateral field is missing or null | other_counterparty_lei: LEI '9695009AXSRNHZE85Y20' has invalid MOD 97-10 check digits; expected 38 | variation_margin_posted: mandatory collateral field is missing or null,,,Trade fails EMIR on 4 fields (first: collateral_portfolio_code); remediate all flagged fields before resubmission.,NONCOMPLIANT,YES,collateral_portfolio_code: mandatory collateral field is missing or null | initial_margin_posted: mandatory collateral field is missing or null | other_counterparty_lei: LEI '9695009AXSRNHZE85Y20' has invalid MOD 97-10 check digits; expected 38 | variation_margin_posted: mandatory collateral field is missing or null,,,Trade fails MAS on 4 fields (first: collateral_portfolio_code); remediate all flagged fields before resubmission.
T026,EventContract,BinaryEventContract,PoliticalOutcome,TAXONOMY_GAP_WITH_REGULATORY_NEXUS,SUCCESS,NOVEL_INSTRUMENT_NO_TAXONOMY,,NO_PRODUCT_DEFINITION,,,,,CONDITIONAL,CONDITIONAL,,,"Event contract executed on a CFTC-regulated DCM. Reporting treatment is CONDITIONAL pending the CFTC Advance Notice of Proposed Rulemaking on Prediction Markets (RIN 3038-AF65, 91 FR 12516, Federal Register Document No. 2026-05105, March 16 2026; comment period closed April 30 2026). The rulemaking package is cross-referenced with CFTC Press Release 9194-26, CFTC Press Release 9193-26, and CFTC Staff Letter No. 26-08 (Prediction Markets Advisory). Manual review required. | Asset class 'EventContract' (instrument 'BinaryEventContract') has no product definition in the ANNA-DSB UPI library. This is the regulatory classification frontier the assignment is testing for. See Module 4 for the proposed schema extension.",Trade is in scope of CFTC but reporting treatment is subject to active rulemaking; manual review required before SDR submission.,NOT_APPLICABLE,NO,,,"Event contract not currently classified as an OTC derivative under EMIR Refit (April 2024 ITS). Where the venue is unauthorised in the EU, the contract typically falls under national gambling regulation (e.g. § 4(1) GlüStV 2021 in Germany, ANJ enforcement in France) rather than financial reporting. Polymarket has been blocked by ANJ (France) since November 2024. | Asset class 'EventContract' (instrument 'BinaryEventContract') has no product definition in the ANNA-DSB UPI library. This is the regulatory classification frontier the assignment is testing for. See Module 4 for the proposed schema extension.",Trade falls outside the EMIR reporting perimeter; no submission required under the cited rules.,NOT_APPLICABLE,NO,,,Event contract not within the scope of the MAS SF(RDC)R 2013 reporting model used here. The correct Singapore OTC derivatives reporting source is MAS Guidelines SFA 06A-G01 to the SF(RDC)R 2013 (May 2024); MAS Notice SFA 04-N18 is not the OTC derivatives reporting source because it concerns cross-border arrangements with foreign offices. Public materials frame Polymarket-style activity in Singapore through the Gambling Regulatory Authority and the Gambling Control Act 2022: section 20(3) addresses gambling with unlawful or unlicensed gambling service providers. Manual legal classification is required before treating such activity as MAS-reportable derivatives data. | Asset class 'EventContract' (instrument 'BinaryEventContract') has no product definition in the ANNA-DSB UPI library. This is the regulatory classification frontier the assignment is testing for. See Module 4 for the proposed schema extension.,Trade falls outside the MAS reporting perimeter; no submission required under the cited rules.
T027,EventContract,BinaryEventContract,MacroeconomicOutcome,JURISDICTIONAL_SCOPE_GAP,SUCCESS,NOVEL_INSTRUMENT_NO_TAXONOMY,,NO_PRODUCT_DEFINITION,,,,,NOT_APPLICABLE,NO,,,Event contract not executed on a CFTC-regulated DCM; outside the CFTC reporting perimeter. | Asset class 'EventContract' (instrument 'BinaryEventContract') has no product definition in the ANNA-DSB UPI library. This is the regulatory classification frontier the assignment is testing for. See Module 4 for the proposed schema extension.,Trade falls outside the CFTC reporting perimeter; no submission required under the cited rules.,NOT_APPLICABLE,NO,,,"Event contract not currently classified as an OTC derivative under EMIR Refit (April 2024 ITS). Where the venue is unauthorised in the EU, the contract typically falls under national gambling regulation (e.g. § 4(1) GlüStV 2021 in Germany, ANJ enforcement in France) rather than financial reporting. Polymarket has been blocked by ANJ (France) since November 2024. | Asset class 'EventContract' (instrument 'BinaryEventContract') has no product definition in the ANNA-DSB UPI library. This is the regulatory classification frontier the assignment is testing for. See Module 4 for the proposed schema extension.",Trade falls outside the EMIR reporting perimeter; no submission required under the cited rules.,NOT_APPLICABLE,NO,,,Event contract not within the scope of the MAS SF(RDC)R 2013 reporting model used here. The correct Singapore OTC derivatives reporting source is MAS Guidelines SFA 06A-G01 to the SF(RDC)R 2013 (May 2024); MAS Notice SFA 04-N18 is not the OTC derivatives reporting source because it concerns cross-border arrangements with foreign offices. Public materials frame Polymarket-style activity in Singapore through the Gambling Regulatory Authority and the Gambling Control Act 2022: section 20(3) addresses gambling with unlawful or unlicensed gambling service providers. Manual legal classification is required before treating such activity as MAS-reportable derivatives data. | Asset class 'EventContract' (instrument 'BinaryEventContract') has no product definition in the ANNA-DSB UPI library. This is the regulatory classification frontier the assignment is testing for. See Module 4 for the proposed schema extension.,Trade falls outside the MAS reporting perimeter; no submission required under the cited rules.
T028,EventContract,BinaryEventContract,RegulatoryDecisionOutcome,TAXONOMY_GAP_WITH_REGULATORY_NEXUS,SUCCESS,NOVEL_INSTRUMENT_NO_TAXONOMY,,NO_PRODUCT_DEFINITION,,,,,CONDITIONAL,CONDITIONAL,,,"Event contract executed on a CFTC-regulated DCM. Reporting treatment is CONDITIONAL pending the CFTC Advance Notice of Proposed Rulemaking on Prediction Markets (RIN 3038-AF65, 91 FR 12516, Federal Register Document No. 2026-05105, March 16 2026; comment period closed April 30 2026). The rulemaking package is cross-referenced with CFTC Press Release 9194-26, CFTC Press Release 9193-26, and CFTC Staff Letter No. 26-08 (Prediction Markets Advisory). Manual review required. | Asset class 'EventContract' (instrument 'BinaryEventContract') has no product definition in the ANNA-DSB UPI library. This is the regulatory classification frontier the assignment is testing for. See Module 4 for the proposed schema extension.",Trade is in scope of CFTC but reporting treatment is subject to active rulemaking; manual review required before SDR submission.,NOT_APPLICABLE,NO,,,"Event contract not currently classified as an OTC derivative under EMIR Refit (April 2024 ITS). Where the venue is unauthorised in the EU, the contract typically falls under national gambling regulation (e.g. § 4(1) GlüStV 2021 in Germany, ANJ enforcement in France) rather than financial reporting. Polymarket has been blocked by ANJ (France) since November 2024. | Asset class 'EventContract' (instrument 'BinaryEventContract') has no product definition in the ANNA-DSB UPI library. This is the regulatory classification frontier the assignment is testing for. See Module 4 for the proposed schema extension.",Trade falls outside the EMIR reporting perimeter; no submission required under the cited rules.,NOT_APPLICABLE,NO,,,Event contract not within the scope of the MAS SF(RDC)R 2013 reporting model used here. The correct Singapore OTC derivatives reporting source is MAS Guidelines SFA 06A-G01 to the SF(RDC)R 2013 (May 2024); MAS Notice SFA 04-N18 is not the OTC derivatives reporting source because it concerns cross-border arrangements with foreign offices. Public materials frame Polymarket-style activity in Singapore through the Gambling Regulatory Authority and the Gambling Control Act 2022: section 20(3) addresses gambling with unlawful or unlicensed gambling service providers. Manual legal classification is required before treating such activity as MAS-reportable derivatives data. | Asset class 'EventContract' (instrument 'BinaryEventContract') has no product definition in the ANNA-DSB UPI library. This is the regulatory classification frontier the assignment is testing for. See Module 4 for the proposed schema extension.,Trade falls outside the MAS reporting perimeter; no submission required under the cited rules.
T029,Rates,Swap,OIS,NO_ERROR,SUCCESS,CONVENTIONAL_DERIVATIVE,,FOUND,Rates.Swap.OIS,ROIS5QY8K3PWLT2NFM7H,,,COMPLIANT,YES,,,,All mandatory CFTC reporting fields validated; trade is ready for SDR submission.,COMPLIANT,YES,,,,All mandatory EMIR reporting fields validated; trade is ready for SDR submission.,COMPLIANT,YES,,,,All mandatory MAS reporting fields validated; trade is ready for SDR submission.
T030,FX,Forward,NDF,IDENTIFIER_ERROR,SUCCESS,CONVENTIONAL_DERIVATIVE,,INVALID_ATTRIBUTES,FX.Forward.NDF,,notional_amount=-10000000 below minimum 0,,NONCOMPLIANT,YES,"notional_amount: must be a positive number, got -10000000 | upi: UPI lookup failed with status INVALID_ATTRIBUTES | upi: mandatory UPI unavailable; lookup status=INVALID_ATTRIBUTES | upi_attribute: notional_amount=-10000000 below minimum 0",,,Trade fails CFTC on 4 fields (first: notional_amount); remediate all flagged fields before resubmission.,NONCOMPLIANT,YES,"collateral_portfolio_code: mandatory collateral field is missing or null | initial_margin_posted: mandatory collateral field is missing or null | notional_amount: must be a positive number, got -10000000 | upi: UPI lookup failed with status INVALID_ATTRIBUTES | upi: mandatory UPI unavailable; lookup status=INVALID_ATTRIBUTES | upi_attribute: notional_amount=-10000000 below minimum 0 | variation_margin_posted: mandatory collateral field is missing or null",,,Trade fails EMIR on 7 fields (first: collateral_portfolio_code); remediate all flagged fields before resubmission.,NONCOMPLIANT,YES,"collateral_portfolio_code: mandatory collateral field is missing or null | initial_margin_posted: mandatory collateral field is missing or null | notional_amount: must be a positive number, got -10000000 | upi: UPI lookup failed with status INVALID_ATTRIBUTES | upi: mandatory UPI unavailable; lookup status=INVALID_ATTRIBUTES | upi_attribute: notional_amount=-10000000 below minimum 0 | variation_margin_posted: mandatory collateral field is missing or null",,,Trade fails MAS on 7 fields (first: collateral_portfolio_code); remediate all flagged fields before resubmission.
T031,Equity,Option,SingleName_Put,IDENTIFIER_ERROR,SUCCESS,CONVENTIONAL_DERIVATIVE,,INVALID_ATTRIBUTES,Equity.Option.SingleName_Put,,underlying_isin='APPLE_INC' does not match pattern '^[A-Z]{2}[A-Z0-9]{9}[0-9]$',,NONCOMPLIANT,YES,upi: UPI lookup failed with status INVALID_ATTRIBUTES | upi: mandatory UPI unavailable; lookup status=INVALID_ATTRIBUTES | upi_attribute: underlying_isin='APPLE_INC' does not match pattern '^[A-Z]{2}[A-Z0-9]{9}[0-9]$',,,Trade fails CFTC on 3 fields (first: upi); remediate all flagged fields before resubmission.,NONCOMPLIANT,YES,collateral_portfolio_code: mandatory collateral field is missing or null | initial_margin_posted: mandatory collateral field is missing or null | upi: UPI lookup failed with status INVALID_ATTRIBUTES | upi: mandatory UPI unavailable; lookup status=INVALID_ATTRIBUTES | upi_attribute: underlying_isin='APPLE_INC' does not match pattern '^[A-Z]{2}[A-Z0-9]{9}[0-9]$' | variation_margin_posted: mandatory collateral field is missing or null,,,Trade fails EMIR on 6 fields (first: collateral_portfolio_code); remediate all flagged fields before resubmission.,NONCOMPLIANT,YES,collateral_portfolio_code: mandatory collateral field is missing or null | initial_margin_posted: mandatory collateral field is missing or null | upi: UPI lookup failed with status INVALID_ATTRIBUTES | upi: mandatory UPI unavailable; lookup status=INVALID_ATTRIBUTES | upi_attribute: underlying_isin='APPLE_INC' does not match pattern '^[A-Z]{2}[A-Z0-9]{9}[0-9]$' | variation_margin_posted: mandatory collateral field is missing or null,,,Trade fails MAS on 6 fields (first: collateral_portfolio_code); remediate all flagged fields before resubmission.
T032,Commodities,Swap,SingleName,IDENTIFIER_ERROR,SUCCESS,CONVENTIONAL_DERIVATIVE,,INVALID_ATTRIBUTES,Commodities.Swap.SingleName,,underlying_commodity='OIL' is not in codeset CommodityCode,,NONCOMPLIANT,YES,upi: UPI lookup failed with status INVALID_ATTRIBUTES | upi: mandatory UPI unavailable; lookup status=INVALID_ATTRIBUTES | upi_attribute: underlying_commodity='OIL' is not in codeset CommodityCode,,,Trade fails CFTC on 3 fields (first: upi); remediate all flagged fields before resubmission.,NONCOMPLIANT,YES,upi: UPI lookup failed with status INVALID_ATTRIBUTES | upi: mandatory UPI unavailable; lookup status=INVALID_ATTRIBUTES | upi_attribute: underlying_commodity='OIL' is not in codeset CommodityCode,,,Trade fails EMIR on 3 fields (first: upi); remediate all flagged fields before resubmission.,NONCOMPLIANT,YES,upi: UPI lookup failed with status INVALID_ATTRIBUTES | upi: mandatory UPI unavailable; lookup status=INVALID_ATTRIBUTES | upi_attribute: underlying_commodity='OIL' is not in codeset CommodityCode,,,Trade fails MAS on 3 fields (first: upi); remediate all flagged fields before resubmission.
T033,EventContract,BinaryEventContract,MonetaryPolicyOutcome,TAXONOMY_GAP_WITH_REGULATORY_NEXUS,SUCCESS,NOVEL_INSTRUMENT_NO_TAXONOMY,,NO_PRODUCT_DEFINITION,,,,,CONDITIONAL,CONDITIONAL,,,"Event contract executed on a CFTC-regulated DCM. Reporting treatment is CONDITIONAL pending the CFTC Advance Notice of Proposed Rulemaking on Prediction Markets (RIN 3038-AF65, 91 FR 12516, Federal Register Document No. 2026-05105, March 16 2026; comment period closed April 30 2026). The rulemaking package is cross-referenced with CFTC Press Release 9194-26, CFTC Press Release 9193-26, and CFTC Staff Letter No. 26-08 (Prediction Markets Advisory). Manual review required. | Asset class 'EventContract' (instrument 'BinaryEventContract') has no product definition in the ANNA-DSB UPI library. This is the regulatory classification frontier the assignment is testing for. See Module 4 for the proposed schema extension.",Trade is in scope of CFTC but reporting treatment is subject to active rulemaking; manual review required before SDR submission.,NOT_APPLICABLE,NO,,,"Event contract not currently classified as an OTC derivative under EMIR Refit (April 2024 ITS). Where the venue is unauthorised in the EU, the contract typically falls under national gambling regulation (e.g. § 4(1) GlüStV 2021 in Germany, ANJ enforcement in France) rather than financial reporting. Polymarket has been blocked by ANJ (France) since November 2024. | Asset class 'EventContract' (instrument 'BinaryEventContract') has no product definition in the ANNA-DSB UPI library. This is the regulatory classification frontier the assignment is testing for. See Module 4 for the proposed schema extension.",Trade falls outside the EMIR reporting perimeter; no submission required under the cited rules.,NOT_APPLICABLE,NO,,,Event contract not within the scope of the MAS SF(RDC)R 2013 reporting model used here. The correct Singapore OTC derivatives reporting source is MAS Guidelines SFA 06A-G01 to the SF(RDC)R 2013 (May 2024); MAS Notice SFA 04-N18 is not the OTC derivatives reporting source because it concerns cross-border arrangements with foreign offices. Public materials frame Polymarket-style activity in Singapore through the Gambling Regulatory Authority and the Gambling Control Act 2022: section 20(3) addresses gambling with unlawful or unlicensed gambling service providers. Manual legal classification is required before treating such activity as MAS-reportable derivatives data. | Asset class 'EventContract' (instrument 'BinaryEventContract') has no product definition in the ANNA-DSB UPI library. This is the regulatory classification frontier the assignment is testing for. See Module 4 for the proposed schema extension.,Trade falls outside the MAS reporting perimeter; no submission required under the cited rules.
T034,Credit,Swap,Corporate,NO_ERROR,SUCCESS,CONVENTIONAL_DERIVATIVE,,FOUND,Credit.Swap.Corporate,CCO8MQK7VPLN4WHF2YJ3,,,COMPLIANT,YES,,,,All mandatory CFTC reporting fields validated; trade is ready for SDR submission.,COMPLIANT,YES,,,,All mandatory EMIR reporting fields validated; trade is ready for SDR submission.,COMPLIANT,YES,,,,All mandatory MAS reporting fields validated; trade is ready for SDR submission.
